timestamp,left_shoulder,right_shoulder,left_elbow,right_elbow
1751963270.1027145,29.615920791803045,24.201029229306684,34.40114358108913,25.95501721362628
1751963270.20616,32.52995755354386,36.95779820776191,26.75776180079427,1.2650210323765962
1751963270.2511501,34.359336928916946,41.388186681182354,21.496395727795583,3.340667885693403
1751963270.2921803,34.14079969542687,35.66367999897934,21.112016960761352,1.4632795511696441
1751963270.3291812,50.45825328506932,175.1664210972752,22.913611018704547,173.25644092291196
1751963270.369256,76.6517910113875,170.12471443364527,30.702779987001115,171.25585386198026
1751963270.4562163,49.014786710237026,178.802685436997,106.72668595680146,161.7750994970933
1751963270.6266475,39.11790854754703,23.40733814732102,5.412199294886891,67.16193687958193
1751963270.7141933,34.507758399893675,116.1912075325653,58.607143435242044,77.43373362366788
1751963270.7609746,30.80664875480887,126.66566393889087,7.112533028972088,92.16717197662857
1751963270.8422003,24.51741986764211,136.32520636479936,145.52915286074344,70.71507424502425
1751963270.8900707,17.61607824900795,133.01227000862204,168.65807082773128,69.42894308228361
1751963270.9336846,106.71183747365664,129.8234087083411,52.16482442197772,48.84540711720176
1751963270.984303,41.89428238833876,121.07056219880913,2.0330188090089205,46.865862834954555
1751963271.0272212,34.38100213006947,122.23571056782309,3.1311625424666203,47.40165390160462
1751963271.0755002,18.55770212496038,116.89739815267548,161.03912412936157,34.58001137025785
1751963271.1222665,22.865137464169674,116.56503677979984,153.17121899627205,33.91771757362377
1751963271.166664,18.2805968046515,71.30632215572916,166.63628537347157,27.63578091095776
1751963271.227961,20.326091793838174,74.77727547203537,144.15766391939468,1.9969511821248647
1751963271.2802887,23.455734618220337,79.17033034670901,26.629320080374708,2.570168213574748
1751963271.3217247,27.603493579161047,72.88044972687818,9.04858179675786,10.819922150848143
1751963271.3684032,35.7801406629174,76.67817667027714,0.5593723507619692,15.54980420323213
1751963271.4176238,42.47866368765891,67.46990213815248,1.7592269552142394,18.423498068782592
1751963271.465952,40.29418890520944,70.10824596368738,0.8590593824063371,22.24680421957554
1751963271.510261,33.98326106959762,30.69620966908166,5.959351505345669,13.795904359937696
1751963271.5432222,30.56439369360542,45.145795038081324,9.771231805184964,1.3858344993757894
1751963271.5925875,29.99796854844864,42.33621190630201,20.810499148425855,3.9676044723255584
1751963271.636091,30.69209768663716,41.48790125243434,22.037345198093348,5.080822357034258
1751963271.6845474,33.6299872105805,41.19310567020651,21.297054963648918,5.881642291151394
1751963271.719314,38.307660506343595,32.17799357198674,28.468814094607584,17.460288251668924
1751963271.7633653,35.73692584551916,30.237878633993358,42.163309630407774,21.35697477654325
1751963271.805362,32.29593808240883,29.613195700395597,96.63088899254439,31.581126785118347
1751963271.8663638,31.929810277329647,31.154329716920895,52.00103659174949,20.037653539626525
1751963271.91349,32.820043921266745,29.37954855014378,17.725605386876058,22.93673307962602
1751963271.9634852,33.5991718863712,29.570932121688397,14.444027399334892,20.552672202793538
1751963272.0079951,42.504870052794466,31.022958706028632,13.244747983726983,19.479518137008725
1751963272.0556297,41.65812737163974,36.17047699717758,5.6057498687120235,10.072160535762503
1751963272.1028702,41.06553986904369,39.77344010627615,6.787786677759931,5.299521940887019
1751963272.160068,97.95817710193285,148.98621003081766,107.6907644347134,170.82144873128706
1751963272.2020655,108.50927490332234,171.06682541384768,93.54740002277336,167.12048862288583
1751963272.2440648,107.81391450404911,169.94884928723525,140.29030013639965,142.01693069989477
1751963273.8357909,37.406333476997425,30.727939717003245,90.77688195459551,81.03566875266948
1751963273.8798814,35.22441445359051,38.841671774445416,129.80769586001048,96.4349279323263
1751963273.930668,34.302034520612715,40.0439530065871,137.5851649062617,108.45322239394999
1751963273.9747872,32.24789948045295,32.633789085054055,130.4438355409684,111.627438759051
1751963274.022191,31.798933396577574,30.32979925418442,133.29592104255056,115.77389289724118
1751963274.0871782,32.893324189554235,30.50259147718594,130.06561656035578,117.53223797153704
1751963274.1411748,33.53619501702537,30.571251726222847,128.10321586780663,116.77745825761184
1751963274.184504,33.89734086924189,30.463264492642544,132.44375626110968,118.11107747966955
1751963274.2245018,31.819738703704353,30.505044450233182,131.23980063841248,117.82001278563408
1751963274.2725031,30.574031308520283,30.31465085841497,131.97828956578473,118.15351166309094
1751963274.3466752,29.150919814464988,28.944470761326833,137.08048449334137,115.01846935817962
1751963274.3836806,29.15040986028198,28.7063584997809,136.8675151602253,114.08480293497375
1751963274.4336395,29.12416755271463,28.59181777102135,137.13548464316347,114.01645471572465
1751963274.4843562,29.08527723495405,28.583220002273144,137.17496141754808,113.8999712321575
1751963274.5183709,29.21728067510935,28.718818879029257,138.78392856931987,114.60651055109007
1751963274.6213696,29.933758104399214,27.681407817335806,131.72920638309245,109.82813185697128
1751963274.6823673,30.277288350069043,27.133536798491747,129.23324037410003,109.46419741648253
1751963274.7273695,30.40495934473077,26.84789078059748,128.13300128892314,110.24620556721032
1751963274.7923672,30.005213160127628,27.208050879373808,129.75961974270584,88.19023586259028
1751963274.8573706,29.431696719403114,26.987698257432815,133.96692328783692,124.01838993981916
1751963274.9147046,29.039061899451994,27.075859525951405,134.5888345703944,127.85499302744171
1751963274.991638,28.82050096175005,26.947852832804468,133.62432110247104,127.88507477043426
1751963275.043637,28.495554902381823,28.200089451672913,138.71083424978798,130.46008565923947
1751963275.0886524,28.38624616632088,28.52470339210294,139.8787719276351,130.84435832132786
1751963275.13264,28.72035759935756,29.354137639346042,140.9902250736248,133.0670357805677
1751963275.1948502,29.00274758477445,29.143759154813765,141.32212959361715,133.94587928839596
1751963275.2418482,28.89408303107941,27.968094222722296,142.15183549319838,130.84686781299962
1751963275.3008509,28.762821936040616,27.170841230075034,142.58096293237708,129.06910492664213
1751963275.33785,28.640891758934778,28.773852456163727,142.56198527580116,131.37498218610722
1751963275.3840222,28.58848126509889,30.319282682087618,142.71705901225033,132.1780131950243
1751963275.443209,28.682333586061905,31.02459318553621,142.24681577599716,132.5477963089531
1751963275.479713,29.018417968904746,31.16504811273961,146.25276720501685,132.10919291079216
1751963275.5615523,29.94551730109627,28.836782447444012,140.09160013443207,121.7262165532916
1751963275.6025536,30.753752131074197,28.018581809780137,132.54735008661277,103.43818477362429
1751963275.650076,31.565964002323422,28.965895846465184,123.91413786741403,67.6643916168868
1751963275.6970706,31.47615988473776,27.513729196510404,122.7869396835412,58.96921389983147
1751963275.7842174,31.225894183053253,28.28616270287727,127.01813912894539,69.36382196727753
1751963275.8226242,31.274648366395756,29.45653329130281,129.1092959164835,66.31250685270314
1751963275.8722017,31.60661319874172,30.392115484714022,128.31357939532697,63.224892345875084
1751963275.9182208,33.08848299913139,36.41644263414783,121.0250625950166,54.11318922826741
1751963275.9658408,33.49793787173553,38.15511383728373,121.06791936239763,59.90583383447656
1751963276.0081134,35.06627471302654,37.223829888735835,81.93899859933983,16.104837333654874
1751963276.1026309,34.43117684753005,38.73154289268609,113.67692962369975,35.887224783373505
1751963276.1507967,34.017028440121564,39.431302330921916,120.61831603020904,47.854520116444235
1751963276.199017,33.6840481093269,41.502303608618135,124.57116047296812,57.07616537169022
1751963276.2500165,35.01992888296389,39.837003830750405,120.86652067045537,53.48660707763011
1751963276.3350158,34.949219811363896,41.97066375703967,93.59454929767335,48.63131899715655
1751963276.3997808,34.31174276554241,43.184127783638445,94.03646344016954,50.96472907055517
1751963276.457654,34.99107392028616,41.529412560715514,90.13893130825154,51.628667333265376
1751963276.5577462,34.72410694070568,41.09689041974451,88.47700965157247,21.65567702337743
1751963276.6139395,34.95687632178186,41.16895218619762,68.34175463440293,11.662132297156313
1751963276.6480925,35.685946039093196,40.60028005175301,33.335111327653486,0.4119173820845342
1751963276.6952722,36.247933139864564,39.80055367629311,30.541478859030054,2.640377857288491
1751963276.7595842,35.96372932391939,42.015808168781966,45.06388212445275,2.7140947083665043
1751963276.802761,36.06990393884445,43.464893716433885,44.713863762462175,3.8600330486820025
1751963276.85115,36.31790063896606,44.7138522111462,42.92610728630679,5.358218284978772
1751963276.8911476,34.82957555202647,43.159239382095556,44.69158912792024,3.719088390658774
1751963276.9667366,34.45155400930157,43.24136353367407,47.49420567705041,1.4162799637107568
1751963277.0199656,34.41606738074399,43.18184190419782,48.447078102464864,1.135633227696713
1751963277.0819595,34.14543726582588,39.99553560926584,44.72710007463185,1.8918914408717822
1751963277.1344113,34.142058460783616,38.59184889362637,39.916040752790025,3.077848741694664
1751963277.180407,35.46393160775412,40.36016006429429,30.549988972972063,2.1002063358201943
1751963277.226408,36.06234155502573,42.108417357917645,29.974088437153895,0.7030710545844555
1751963277.2954094,35.348616760278325,49.20860281617523,29.955494613718006,7.649354032945583
1751963277.3534117,34.8629747595725,52.1790089922151,30.114422023820886,10.677368240387123
1751963277.405709,34.787038440907104,48.56918747206399,38.95845605756301,6.499380285766076
1751963277.480949,33.98018039127067,48.63084310802534,73.95874869489482,8.599194679095753
1751963277.520128,33.616233681132194,48.55073898188494,83.96521054608806,8.741684203147821
1751963277.5674012,33.489948748267906,48.472941573070976,85.1485416189832,8.563015130407708
1751963277.6152477,33.48860714740987,47.02332452333023,75.39289228283307,4.648143199924724
1751963277.6654258,33.53335118310525,45.349972920807694,70.75303595372922,1.3711214895848036
1751963277.710855,32.42786585632636,46.27659193241403,73.44226301564717,1.828020528621433
1751963277.7829099,32.27834440613422,45.71231631701673,52.9742885073209,2.1757562693269903
1751963277.818734,32.18944157611608,45.38561400136556,47.74074720362825,2.3372494609211727
1751963277.865752,32.15989169922936,45.169114217550536,46.430220523349846,2.3337904998862795
1751963277.912011,32.538609650742835,45.443073241712696,39.7554716281579,3.2088964400178766
1751963277.9603271,32.83616865619995,45.89808643643041,37.58552253935021,3.2174556861272436
1751963278.0073252,33.12670273439069,44.40612473851001,37.000602076851884,1.5910326218554416
1751963278.0867422,34.41481222610696,43.85820161819457,33.302800626291884,1.1085617998347919
1751963278.1296692,35.52526919917367,43.233515039412715,31.541185415934265,2.287159775880622
1751963278.1799703,36.02925228383407,43.02644128375672,30.84318400563029,2.46644049193409
1751963278.2242477,32.6706412377253,42.45396865794807,31.667715927551168,3.725144764306455
1751963278.274761,32.93202103723045,41.36898706728311,31.51161428560446,4.959721374153996
1751963278.3165727,32.640405428863545,36.82382193178461,29.61027604896705,10.301372128747971
1751963278.3911219,35.22473419138995,77.84888930505934,28.24830938830299,7.681490652686965
1751963278.4271204,35.52658634003179,94.3793666150941,24.46911418287064,18.201492811716843
1751963278.4753523,32.55234729926141,90.68123456445413,30.84934613098073,16.104233847158675
1751963278.5214176,25.852654720254943,49.89400218672725,30.33561701015462,5.616503493910194
1751963278.5702183,26.172713208308302,38.9398126229879,27.051553121370407,12.135856554394786
1751963278.6201658,27.282835175982157,34.84729300141724,53.50956200074216,17.331718864790602
1751963278.6784873,31.10043966501886,35.034560885186195,44.91343043967554,16.941938046338088
1751963278.7230325,32.38325591742033,32.28965785664634,40.72367613212429,18.289269130697548
1751963278.7698264,32.149051418114084,30.169336586356046,35.209107978888305,21.14536982107858
1751963278.8154442,32.58388235704216,28.962870198532148,37.457791846465454,22.217916159675795
1751963278.8659387,33.58305340656991,32.696550964040945,59.54614168833527,45.200185525457236
1751963278.9099572,32.05514046291873,27.31349246331763,136.79158450488723,116.6161734312235
1751963278.9838383,33.146107991941214,27.22770427170088,110.17328996667668,103.44063621094267
1751963279.0330787,33.534940372722936,25.71406796455878,93.05038577077008,94.014583800572
1751963279.0928383,32.37067042441536,25.80069430279159,134.03037452844353,127.00355239443549
1751963279.1988375,29.826245919648787,26.545770643750725,142.43712529532996,137.44032125206905
1751963279.2458394,29.635098943591615,26.39934631717584,143.4305905962201,134.83761711145277
1751963279.2898402,29.203271670683055,29.190355062879778,142.8510405268955,130.6577804264384
1751963279.3388453,34.06440637947686,29.07947077929152,128.45614872394088,129.31870304847982
1751963279.382839,36.67502558073044,28.548928221638402,108.27380066651708,102.90378823603929
1751963279.4468367,38.6962598579597,26.89440078299386,73.66746608049367,64.21291044968831
1751963279.500837,38.743793318273354,19.585807584647597,91.42635475880789,83.99545928777705
1751963279.5358613,36.7728162528056,17.689143450710787,101.1317984538015,92.01785692368128
1751963279.581856,34.65294678431642,17.142319170682214,111.86711133317795,92.19156265918916
1751963279.6456218,36.61196909466478,16.998761870007677,90.59437923109307,82.25855562334259
1751963279.7027009,36.65975399287848,17.944713701724528,58.38424444759845,46.0421973193513
1751963279.7390733,36.9315986478595,18.834169006878383,54.84625526377179,46.03491733259493
1751963279.7880723,33.58560996015173,18.282235231675294,92.60468859073896,44.516225817571794
1751963279.834241,28.369743804951298,19.055653336654345,139.09651735540777,126.32198508198024
1751963279.885241,28.91105013381323,19.300739080266005,138.2804308217776,120.2835007583077
1751963279.9318388,30.289890424933642,17.15929739384577,114.43198777674101,72.79998087946642
1751963279.9808397,31.45415760614211,16.72542838872421,108.32518478185524,66.19598084283658
1751963280.0266967,27.845974842137927,17.534135107611135,113.78949638004427,55.165076091978946
1751963280.1143398,26.68869772040637,17.026144661685766,100.75402459679734,58.30238604546446
1751963280.1636891,24.45677315809848,17.596488154286128,92.82730919603847,55.11121698339185
1751963280.2338514,25.562771805190618,18.52385476826143,112.97532535982596,57.11946497196059
1751963280.2929316,26.06874803383512,20.632308623753946,146.73144073530347,105.46507844822268
1751963280.334651,25.635926447019425,20.541442176364683,151.89367193632899,104.23288163583173
1751963280.3826513,24.580402380136892,22.700763994393267,113.70409065317847,105.77185616573654
1751963280.4927378,26.35643022312552,22.419625839983514,31.798246030020167,56.91196392360246
1751963280.5497358,27.054195228203184,22.79837082759063,30.75244479381154,46.16972426418943
1751963280.5980685,27.807507555642957,22.763547480295966,44.99046350759055,50.231145561164944
1751963280.6470737,25.78014001609911,25.474800449522988,33.783797809787124,29.497142769492317
1751963280.6930678,25.11544240641624,25.107125993365205,28.965015705708623,38.151171947538124
1751963280.7270682,25.32978689159549,21.08252757142393,28.62016812755434,49.68743782040701
1751963280.7690704,25.46600631993571,20.895548065722693,34.871492973244706,50.04483776194126
1751963280.8280704,25.523880933089124,22.157857214857653,82.39741590561145,51.11976768604776
1751963280.8720686,25.247314600548396,23.397561451404822,86.11340427838934,46.3092387843438
1751963280.9220712,25.62373070610607,23.747309838785103,78.51282138154025,43.65162812752999
1751963280.9690711,20.74753430523055,20.782704185772502,146.05076287327546,101.22279050022999
1751963281.0120692,23.241466085387067,20.728419366089025,118.39381138380013,91.04633410656564
1751963281.0550709,25.070221899610022,21.500227119063524,46.821951369105406,51.321738840610266
1751963281.1040697,26.138164643204913,21.787348730652035,36.66085832977736,44.45709318683779
1751963281.1510725,27.69193427220697,20.68228826316625,28.498605379959287,42.726047268418895
1751963281.1990705,28.800957192229305,20.179827659924413,28.022055134964365,43.67240014578261
1751963281.2470677,25.961530080387654,20.827283762192145,33.233790674170756,49.10860219168372
1751963281.2910695,23.43094083553795,19.739894909468614,37.210304223467844,64.64768126164003
1751963281.3410723,18.637414111468246,19.67802441991256,48.46555943964395,71.35495538425448
1751963281.3840773,20.60966114892015,18.52390038288896,41.62905048981421,60.596349960814614
1751963281.4282234,20.89785221592154,18.389356805482592,36.408068542960294,58.379219570608136
1751963281.495279,21.859239782025295,17.179185362759206,91.59730553623058,76.23210837451647
1751963281.6529744,22.105191599860547,16.668156593215386,85.12823794352198,73.53883671226795
1751963281.8347616,23.347936716626645,18.610359865062396,121.26654307011579,87.42151184933873
1751963281.9283776,24.347596523934588,19.624971682395245,97.11355053823716,81.7124591464704
1751963282.0085843,23.53405252196486,20.18643599380534,42.638430507158006,47.94336794586589
1751963282.066915,23.28274429928831,23.151340876607897,41.86295202423726,38.548953568863254
1751963282.140543,25.286712605377996,25.48925679270739,26.737350792157788,32.96849576659662
1751963282.2005174,25.089891652218984,25.090951909273468,104.30051389335217,88.03360909276299
1751963282.2546015,25.420084073447967,22.424694608099212,90.22121087429969,77.73072109328454
1751963282.3038435,27.107831837401076,22.12354546951565,109.35161644993416,118.48762265339649
1751963282.35587,28.498891886516105,22.011412084772065,110.41062610385235,122.53965771802778
1751963282.400901,28.934098540657455,23.825349504763615,148.1734725886106,133.9149827501335
1751963282.4638734,28.610417419890524,24.15621219375561,151.31105842548328,133.99479401751026
1751963282.5078888,29.386155177630414,23.097821951957805,70.17898606020061,126.75295418159256
1751963282.5728729,29.394231511793667,22.463537718061094,46.648523386031066,124.21672483432087
1751963282.6148722,27.119234746160895,25.556358196531605,138.92076913199728,138.43595701059232
1751963282.6574001,26.34784746839069,25.742332185961708,148.59491025814242,139.808820711237
1751963282.6984031,26.10588874754195,23.75028310855909,145.97387008281942,139.42849723124004
1751963282.738403,25.716565789431048,23.406232291037742,145.12358528399227,138.13838999364012
1751963282.8024838,25.491107714077735,23.162324901110324,149.5850003837122,139.83813484107733
1751963282.8454025,25.31327568021779,23.039383369133525,151.35279199525905,142.185604539894
1751963282.8874226,24.09867018419798,23.489289302007464,155.19646417064916,142.84123282426305
1751963282.9313989,23.94510587513203,23.888549506265857,156.5150070235107,142.84448125685654
1751963282.9824002,23.751378730374242,24.329932865110216,157.52727634431693,143.20287681922764
1751963283.035717,24.96174476627917,24.034173228790014,150.38968564216052,143.30738272856962
1751963283.106717,24.295240985250203,24.13724943614526,151.43057635478073,144.66124133170513
1751963283.1646094,24.034261087981303,22.86896656409673,145.62519080314277,145.52670547439737
1751963283.2199895,23.43155010772738,21.99404150982428,146.16545915455498,146.85846317335645
1751963283.2755706,23.95790694841048,23.79199566295279,131.09365651138063,142.68162748331585
1751963283.3294222,21.39038337995755,23.819582726827136,145.95528406173534,143.45033518229164
1751963283.379662,21.075043271401253,23.328747006631783,149.48168306953065,145.80638171004932
1751963283.4273334,20.88142928485988,23.062080804108337,153.58068499321723,147.28021971625722
1751963283.4795911,20.16784331181244,23.6421763220155,159.9520590490564,148.90462295236213
1751963283.526637,19.713036809006095,22.40092629617808,160.06592719582304,149.82458473404265
1751963283.5730267,19.777538776321688,22.069766640910274,158.9911692307269,149.99152063928818
1751963283.6212173,20.778270846182366,20.936515333024523,98.19585038788013,127.34079570168583
1751963283.6732802,21.45068964559033,20.31647792088539,97.18499586032777,124.9410853300355
1751963283.7207427,20.056050857821603,19.72899163299255,144.8062736978943,129.61182353040002
1751963283.808317,19.993336573373718,19.56970245380793,149.582256238988,134.45498700932995
1751963283.8948815,19.827377564476162,45.10867316215244,150.53806962084622,57.21989128364695
1751963283.9449897,18.769897696984366,84.97179071303638,158.76632236595347,71.42654730557646
1751963283.9889915,19.41879397491627,94.34085895285038,160.7132346801621,76.31924849186623
1751963284.0311153,21.828936256315437,101.30336188414813,168.0924279851616,81.20177176742581
1751963284.0778868,114.68769544128726,108.46659893891373,95.52694882039881,83.87343121133905
1751963284.1328833,76.65288822767334,109.95155774374545,59.40909244101068,84.1383630036664
1751963284.1908846,117.19234508571256,113.70055129720673,166.62306032370591,88.98945508166695
1751963284.2448866,123.11792187370035,114.27723912945066,113.85830878064378,88.98903861101972
1751963284.3028834,121.99897251438887,117.8466009190752,106.73138446967089,92.47538333771837
1751963284.3428833,122.05246158586972,120.22459404159997,110.65003188089896,93.44873270713724
1751963284.4840028,132.31824922190455,120.07851864882964,125.4941591148986,92.29561404445859
1751963284.5290034,125.18444451205977,120.27649938530911,114.74227079916223,95.94926200065433
1751963284.5745978,124.71639035137048,121.96606120713707,119.79730373575966,97.91747782741717
1751963284.6165278,127.86295881211805,121.57738567413384,115.61256991553482,98.1552689331655
1751963284.6575344,126.8334976975847,120.66752380470768,116.91912747268506,97.57598684939597
1751963284.6985266,122.37975792001362,119.12151954615236,116.56956230349738,94.34131302628184
1751963284.7415268,120.6136575204487,118.32940372403368,114.28710650583402,92.67670433344257
1751963284.7875252,119.28113126654779,117.77336240518444,116.66611450858794,91.87232711018065
1751963284.842601,119.35498729292962,116.64428185309774,115.71017334836728,92.44355689988801
1751963284.9286008,111.02892136298333,115.12111815764533,77.56081346917617,90.98295686213021
1751963285.0121999,108.2727756183595,114.46894451311152,70.17305467571572,90.49560296980484
1751963285.0701947,92.01168124685465,114.01631279290338,33.254803316650595,90.9582835602297
1751963285.1291957,43.34040124111414,113.82810315783105,123.57428438656997,91.59246736940894
1751963285.188024,51.41479966367238,113.66941510443361,90.50961016692791,91.92718501215893
1751963285.2429638,120.4832350025159,113.34196411929207,7.11345537351343,92.14712696483888
1751963285.311965,118.82446982304121,113.12253247254806,58.762681142537524,93.31861561501742
1751963285.3819633,63.16553367147341,113.22413058407297,27.69807925438931,94.36947839427906
1751963285.45604,26.696151645232664,112.38362083008676,161.83381380511275,95.05867904714155
1751963285.500038,85.0023607401123,112.25166559656498,61.113689591183245,95.32418548743789
1751963285.5470304,126.10047943861022,112.05102399650536,93.4746934658275,94.82955434543138
1751963285.6240344,129.00518593551766,111.7677796008502,102.88191965366542,94.93632980873491
1751963285.6939573,123.06845244105482,111.80839722516384,94.61595995580127,94.9868146252602
1751963285.7649539,83.72763468498438,111.48610570439018,29.80392807743041,95.24438850282083
1751963285.8729558,89.1830634610338,111.73560993352068,50.962897047705155,95.45073466451693
1751963285.9219549,112.8735994712576,111.34902796916013,30.051303846236248,96.00831761007596
1751963285.9689977,117.61401764655876,111.12507527817804,62.889890754074735,96.11366989668778
1751963286.0199971,91.06231728176984,111.11731737300437,67.12057911976946,96.50994641591168
1751963286.0880437,87.72731878950242,111.04760545228034,56.1844342161781,96.71265143027144
1751963286.2996342,85.60054997432394,110.68180199797254,30.816444536219525,97.25151888955008
1751963286.4247787,87.8252005624884,111.77034754754192,51.73007788694274,101.890880301167
1751963286.4687746,39.62158366699648,110.402910587525,128.1156073544483,104.68398836275003
1751963286.5107763,27.545683334956152,109.78407569660513,156.936534226346,104.66789838252149
1751963286.5758088,68.9397339131827,108.82362586737679,50.71927705312827,105.37905843612724
1751963286.6178045,75.43806620942782,107.79816590591724,49.17477687399815,103.7967724918416
1751963286.6630359,29.966028435115845,105.67111887472682,102.67329470311691,102.87143937688971
1751963286.7040374,36.415312289555146,105.61687014018621,44.01594007005334,102.8302755845107
1751963286.7960386,20.19116016937814,105.68217172087796,57.04119467565028,102.66829296328251
1751963286.8450334,36.74736772155074,104.95892687348673,8.591050683474762,101.82398901689133
1751963286.8850331,29.243383690864153,104.79708856599066,26.80586641807722,101.45416165662634
1751963286.9360356,25.620340261725964,104.17104838032795,29.433855655667514,100.11769719269923
1751963286.9815652,24.43832224304713,104.02413300312608,77.84153214365097,99.98949961036809
1751963287.0256286,28.987381690809457,104.73257132225801,46.55151409776884,101.54663962340226
1751963287.0875666,32.62398186738897,105.08473558883878,8.420268943501085,102.36101071138333
1751963287.154568,44.220556161450055,104.87782273205354,8.21166476918929,102.04752858260017
1751963287.2006567,42.89233373483652,104.8876208879167,2.7389570197959276,101.7622398813149
1751963287.2395678,56.25028639557827,105.02333366352698,19.9760548234674,101.68089235210374
1751963287.2816935,96.07929139982663,105.16171715411237,68.37116097238727,101.45839388851554
1751963287.3236938,90.16007577743315,105.23439818062396,60.943927334602144,101.4938911550039
1751963287.3722365,80.85192726781798,105.29680172126336,48.0706725887926,101.55918417959067
1751963287.4502356,49.973756748684586,105.39090638042363,5.225284513325537,101.58911063046057
1751963287.4962363,43.37046964242086,105.54164462757423,0.5067185478908053,101.70181657632139
1751963287.5402672,47.65293856566377,105.3878184951356,12.645587872277796,102.10793136140059
1751963287.5982418,47.96098663187198,105.31065763461861,13.639517604057229,102.36582775949792
1751963287.645522,35.259033378228416,105.30026122998245,11.015310760665647,102.71318884659676
1751963287.6945179,31.468279929642524,104.84036729345067,37.70599965065664,103.01353699888254
1751963287.738553,30.422861391442297,104.50812038522822,48.02463421285733,103.11507452200857
1751963287.7856266,44.54909312661538,104.54049780148218,17.125005137992588,103.39364989014629
1751963287.8516955,47.13049437912927,104.53836971649396,16.69530800864862,103.587415371619
1751963287.9217138,35.614445773254346,104.22502436649741,8.423796966736685,103.52985830608712
1751963288.058791,21.67251851194331,103.16659872737412,82.60342028501557,103.44315320128624
1751963288.1586924,17.93554492506432,102.85321335607466,156.89022183669218,103.2561381623807
1751963288.1967018,27.300152122725937,102.74610827376031,110.08575031550905,103.43556855985051
1751963288.2428334,25.354736672140795,102.34961707566764,145.3162797021459,103.40515921166336
1751963288.2996914,25.39323064691633,102.02581713741532,154.0771860561282,103.35941046316796
1751963288.3426907,25.545846013950307,101.72265421742789,153.56344274768972,103.38613301435204
1751963288.4016907,30.83341655974877,101.33958827821178,21.490539254365494,103.69231292023868
1751963288.4706917,32.38105928484444,100.92147806562467,26.415528035300166,103.50649520783992
1751963288.5116944,27.233829220162548,100.69653866701428,128.03524212133638,103.9143458717903
1751963288.5606916,24.609400646172393,100.6718115450778,162.64118466633343,103.60186615282404
1751963288.6036918,24.955299170046846,100.52386067368548,166.74806722371977,102.11449533726763
1751963288.6466916,26.769663965966483,100.24077072104275,165.29086607204044,102.26850498212383
1751963288.6937122,27.216349112800867,100.89552495824738,164.62442211811424,102.77335694368965
1751963288.7386906,27.43411102074317,100.8764440244036,162.92748280383785,103.65767537439199
1751963288.7796926,29.1595714372604,101.16937278079402,162.23769845171307,104.57032764577919
1751963288.8236933,28.523680201250166,103.43893897590867,164.70225217840704,103.1826152224033
1751963288.8682864,34.585299085499635,104.71321602986352,164.76280569485587,103.57525614701494
1751963288.9352982,96.39553036570973,109.7529636065684,81.90888039797157,104.26637544684077
1751963288.9825597,104.25686868398574,115.99754626681147,92.68703301900388,109.56037907825069
1751963289.0365598,109.12835572057632,118.35784665978805,96.47697229640197,111.39974872552848
1751963289.082528,104.40195390922551,126.68676649609668,102.12362489627387,119.0162646670241
1751963289.1294484,103.02808361511812,128.91334443319988,121.05052164898287,122.60431879604468
1751963289.1724517,114.03482076754244,142.0087544468732,96.59517245567521,135.50537721499677
1751963289.251507,133.95818509959133,145.8579589521056,149.12868861961243,137.9870161503983
1751963289.2945065,124.64058700777494,145.40706033714505,139.74088215237592,137.98416879150741
1751963289.3385124,122.07159229640597,143.1306489379626,134.61207851276654,131.57373351406926
1751963289.3805075,120.56012231853663,141.74072548518328,132.56824185340466,129.36997332505638
1751963289.4235077,116.2961135740194,139.47082759400553,128.17043004718803,125.11176476772322
1751963289.4685116,115.45059290162033,138.33717427880075,126.47078149264952,123.17450916740614
1751963289.5145082,120.67261604441376,136.51468012544245,120.22768730957696,121.50963949136909
1751963289.5725799,122.5831698571145,135.03188329617004,116.00759158750746,120.85001511893422
1751963289.6315808,120.32674716743456,133.53602134386637,111.86429921857413,119.86988738600674
1751963289.675615,119.19431738410222,131.3794022801474,110.04813500911563,116.61009713527346
1751963289.7185802,117.72654965136027,129.85131229746534,108.01170716337012,114.55331540683156
1751963289.7635798,125.20845370294613,129.73819358849534,115.88027387355156,114.18796801175586
1751963289.8106735,128.265947436544,129.8539556864927,119.42601566446962,113.80414623461883
1751963289.8707395,127.75457031137589,129.86337950980817,120.80672489167053,113.45275244671332
1751963289.9316156,122.95443341060532,129.70912257436774,114.19375255889793,113.24635520859006
1751963289.9936178,120.55418104337747,129.5116633418825,110.0910302036048,112.91850418724617
1751963290.0346148,119.94268157346546,128.58411146711322,112.95101786063675,110.63192892959682
1751963290.1296916,119.22526705100275,126.07276736066378,112.05553993070131,104.87101964780148
1751963290.1756918,120.61812468475881,125.3280159220195,112.81181347892586,102.94751614784639
1751963290.2286894,103.07094700026398,122.10382698506311,93.68286066803095,98.82517363301889
1751963290.2675705,104.65245639840279,120.81946597372144,88.66624351433963,96.69429302973542
1751963290.3166182,54.32658884058205,114.23089400454796,124.87280466575336,89.71016162969423
1751963290.3966353,52.828386947295165,109.26070721508216,44.04995772513036,85.38391790822567
1751963290.4856775,28.351377954042004,107.62839751425474,145.19006122038886,84.96820698887711
1751963290.5504005,27.943575628118513,96.13744181153622,119.98948033975174,76.78103859729933
1751963290.5913997,31.0204254425592,96.68054457079081,66.07308703829057,78.69603842724464
1751963290.6354043,32.29797505991989,91.724979840193,18.276996341277886,75.76292127369534
1751963290.68143,32.92102357779161,83.27656466660912,33.61853636496656,65.36439313710042
1751963290.7264006,35.14188576876945,86.34056076593646,18.787494565219415,70.09630351761204
1751963290.7704012,31.045246379579154,80.17072971898853,18.707152052603224,64.56775943238856
1751963290.8474004,35.491948286871995,85.68241304522185,17.04522135587091,71.43600290596792
1751963290.8913999,36.05647437371605,88.70244818453472,8.160803602386196,73.46286732093267
1751963290.9333985,38.03248308224953,95.66608165903324,9.803246937221148,79.85352010674501
1751963290.975007,38.942289763805306,98.5789430511128,10.945252148151967,82.10779441153154
1751963291.0149543,39.8554562348201,100.06890254943761,6.6179848282865645,83.09537065400436
1751963291.054927,64.6718503270816,105.73646336783051,13.300009839400714,89.36352271116525
1751963291.095965,111.22328711622086,117.70391965478866,66.42212881516026,102.42087521220027
1751963291.1379263,129.0612036160131,121.14536621816573,35.51522331542537,107.29213586746654
1751963291.175968,145.6841435787142,155.19246734756388,131.01087692065826,142.79697248853694
1751963291.280974,164.29983038706985,171.44495794650433,159.66689558179888,169.19106110519382
1751963291.3600285,177.34785028541006,178.28177894899488,179.44174766181777,177.08517237275217
1751963291.4029665,176.68150189259495,176.65285793590434,179.90731467985637,177.5460811216884
1751963291.4430122,172.55861919749842,176.86567920799425,179.55507192105057,177.4097611807159
1751963291.487976,173.97762252942067,174.78699746556327,175.94758893381103,179.23098577773655
1751963291.5299668,173.15192970628152,174.47619005832073,174.34427972324366,177.4014903668699
1751963291.569966,173.15275606771553,175.29114639162933,173.41809614907902,175.83866634534326
1751963291.6109679,174.39857398289692,176.44804955981326,169.43816936652075,174.29681474192805
1751963291.6629584,176.5778532387438,177.12311646078615,168.16912872643675,170.7115741446217
1751963291.739938,177.31951173126666,179.04131353731927,165.3104759703552,170.59492648263668
1751963291.8088694,177.88487810386684,179.74531367184497,162.6271436706369,170.33950100429013
1751963291.9013696,176.77548534280075,178.97488006101472,155.4283959339008,169.46082634486947
1751963291.9774318,176.56354114135368,179.53939661181363,155.1429157634015,168.44675963076483
1751963292.0534308,167.89904618017724,168.1943769384264,164.48153669619737,151.3178620072839
1751963292.1294868,25.899101364451955,128.32778480773246,166.93662035773846,106.64879889305213
1751963292.2049973,20.09644898104356,125.14567183582224,169.3074212103196,103.40402343992788
1751963292.2790587,20.46979827398401,114.32462416267869,163.59437920773513,92.87575639515754
1751963292.3270555,22.772875550794197,102.73191462924966,165.75104774203604,84.96729961354781
1751963292.381056,25.85593627592797,97.13346150733092,163.99705568392307,82.32798640574748
1751963292.4414332,31.607654967568898,99.0818198328544,161.79026697155967,83.39273881692635
1751963292.5079408,30.58154349138718,100.6056920418593,157.67249346586726,84.78479217134536
1751963292.5739346,33.09425468575667,100.79000201586865,129.4383885815376,86.58288140496985
1751963292.6449337,36.570148715177474,101.47027122863985,8.297680381051723,86.62101756158671
1751963292.7224612,36.125355145868376,101.84230991193392,1.33186838297486,87.3605713020539
1751963292.8034604,43.18642971191768,99.50903592882223,14.899762937635181,83.78533341316783
1751963292.8835835,47.531600880408185,96.72821330571723,23.986822047122924,81.72941019063653
1751963292.9475515,31.348267682327997,96.71694993018231,145.5574445136458,81.49028144572922
1751963292.990621,28.97717494709619,93.82598095506413,149.83955783939308,79.84711684437599
1751963293.1095588,28.425136819939848,93.4439541924882,155.49565303371372,79.12394473659795
1751963293.1815512,25.94802945424245,92.11185815699622,162.61359780238564,80.07478375617359
1751963293.2185519,23.46164229541123,94.90679046562458,156.76375814154002,84.15188343213322
1751963293.307552,26.07347230041768,101.38344013846176,151.47858169892098,88.52645589858366
1751963293.3795562,27.529480597017844,104.80488566270309,150.75541477878198,94.09568974811258
1751963293.4506857,26.515882264645086,105.5490888343909,150.40081344993087,94.8675373687312
1751963293.51455,116.12917326090674,113.45668165276896,36.94564345541766,110.5237258005621
1751963293.660909,116.10499340634266,112.88225073524744,88.38717804314334,167.26531386226728
1751963293.7278972,115.0114165081038,107.3145896668528,108.0891042251542,87.83743927879081
1751963293.7700512,110.8225999922624,115.20900656566737,105.9034433934046,57.999115899853756
1751963293.810051,109.88552505446798,115.6758314318142,102.1729197949518,60.69388875136092
1751963293.8870652,111.19514598070008,117.87658159388049,104.18858044241921,107.88583700913557
1751963293.9596155,113.9012226470558,117.38576888873735,105.21135269206711,120.97990682712226
1751963294.013613,114.49566063139854,117.6606914048208,103.19610642569917,118.77158965825754
1751963294.0566149,115.80414197038274,122.08169167641587,102.35576251000454,116.34013716780744
1751963294.0946732,115.47808006591525,118.86498745642918,101.81001068440463,114.75457721034256
1751963294.2362764,116.22553149651227,116.50860620160093,101.25891720385687,120.05508526033134
1751963294.3906977,115.47886205384432,117.31425221824941,99.91142379389764,125.72994518825848
1751963294.4919634,113.53132791981079,115.89748804136315,96.4639592403842,115.62556521798211
1751963294.5488741,112.33707173600952,116.18072458663882,94.45219674135106,122.08575176101336
1751963294.5878744,111.82259467026634,114.93329440489362,93.41525296349899,122.53259077272719
1751963294.6490786,124.9049821704803,144.46493723359868,100.32988530535735,128.6214688202629
1751963294.702109,146.34174033186346,165.77992376395497,127.37114295774552,149.73685053706228
1751963294.7870865,148.7231423410965,167.6687189025789,129.85577145521688,151.57766092177386
1751963294.8610835,162.25924452980502,178.41857352649242,147.7294609045456,164.33610390887998
1751963294.934078,173.72130309443963,177.22982933402562,160.2743811945893,168.024998541962
1751963294.981649,178.41798255418297,174.22254955295327,166.89979663578163,171.6328029094884
1751963295.0206475,175.74959362918526,174.9184225986084,165.0189048365204,172.83864321165817
1751963295.0876536,174.0072439481301,175.53244928477991,165.42582551493553,172.14431229745014
1751963295.1586509,175.2828302538506,175.4158502381158,164.2351152715271,168.52623080880457
1751963295.2296553,175.91360242128178,175.65139937579428,163.9116589117549,169.08127845809233
1751963295.301655,176.25343125291266,175.70806632778496,164.09556072280236,169.36122050070796
1751963295.3686535,174.2954793590714,176.80587726625163,160.69680715170256,166.8760120107668
1751963295.4357016,173.4841428070039,177.13586973499577,159.09232262215411,166.29737270822974
1751963295.513933,159.02385441886426,175.99160270633627,137.0029294901151,166.6735051641147
1751963295.5868857,139.4167603159978,172.42111353602516,111.0619018960426,144.65383421430377
1751963295.647904,126.42992647637746,156.42624123157964,96.17597016785768,121.91936837955991
1751963295.794438,115.76642001000121,141.92166155008815,84.14376634772701,107.00025846398775
1751963295.8984287,105.75709308605148,124.64753015098127,78.36138507053545,98.54329637283307
1751963295.946422,102.23030516707047,116.44407448084627,74.61126416517905,94.68359130982469
1751963295.9859474,103.13022790480376,114.53444051897175,76.85278909102611,89.72292080002566
1751963296.029949,103.87897081426696,114.69738811272333,75.51903135409351,93.03455534644033
1751963296.0725276,106.95911251378212,116.46648766631856,77.62700850385431,90.56189030742566
1751963296.1135297,107.97622587498279,117.20045496406999,77.57960933336665,92.50855175674602
1751963296.2565312,110.42724073703496,117.97298236132887,83.79574291913023,95.26612719999217
1751963296.3055253,110.37603410206661,120.75978192186021,83.27457491346094,98.66423022269679
1751963296.353642,110.1894072466896,120.56805031660662,82.30243583328026,97.88989425490801
1751963296.509608,109.65953770991251,119.35992056606204,81.18930530486013,94.87246019586152
1751963296.5553992,109.35640214601133,121.04704357552004,81.4889619571082,97.44308176336897
1751963296.5953732,117.44648012987619,126.12675349241597,90.00698189117128,103.42656616132261
1751963296.6743762,118.34426998874407,128.43086820047156,90.89443427473508,106.8675884586223
1751963296.7164483,124.3148904346487,139.0534052653213,99.56431925319421,114.87456528612984
1751963296.7594247,133.79457551883868,152.06371216196146,108.75375007560262,129.05488070959262
1751963296.8134239,153.36079716721966,170.65134917270328,130.79410951178204,152.125902646448
1751963296.9708078,157.16230171947936,172.56761336738637,135.95090066379143,154.53971159931865
1751963297.1059322,176.85682367741748,178.12629525131726,163.01856111267028,167.89265347086643
1751963297.1798725,179.66894751438258,176.2530080986933,165.42680288543923,167.79521363157835
1751963297.248872,179.75093019175017,176.71242656154487,165.0507672109797,168.50900170379353
1751963297.3691435,173.68727741044142,178.9915840262987,157.47470899417047,163.32414948128678
1751963297.4371486,167.61222768287035,176.31287085984417,151.24725709634347,157.89758136722767
1751963297.490097,153.34265849755513,163.24445760008652,134.681336760606,136.25779458725427
1751963297.5380976,138.20979264647298,153.51373460648742,122.64275803987059,125.61176045761464
1751963297.588252,134.48851257310568,150.74054070229408,119.55741806326,123.95274894026478
1751963297.7192707,128.39257835076035,146.23156877572143,114.89597230537483,120.71893498599462
1751963297.7752216,124.74952693797755,143.6249349884028,112.79237704326184,120.7076975162214
1751963297.8292234,123.70941844639246,140.48347998178076,114.92994060453374,124.17064794876276
1751963297.884358,122.68331227811187,140.11479253413037,111.97231334414558,122.9165364451806
1751963297.9473608,122.3172678154083,137.57645006862364,114.39017697021566,121.50345571304344
1751963298.004033,123.13316690072176,137.88405313710123,114.66425640532152,120.21426966056748
1751963298.0550663,122.63208252126216,136.98673547728433,113.87314753048761,120.0297146712451
1751963298.139067,122.88445799153024,135.32767484045533,114.76360400322594,119.31193305894313
1751963298.2080374,122.99428420876805,134.75151248800222,115.86059030070346,119.76749167653841
1751963298.28304,120.74116335690033,133.11150840023396,114.67840221877546,117.11540988946429
1751963298.3551447,116.75085403729781,128.09829209803863,100.06051365773497,112.61701561390436
1751963298.400138,111.73382998206533,125.56057082935492,91.74397754615228,111.30943183837424
1751963298.4688778,110.81975011352498,124.31415676782743,95.25747505491415,108.39363641124895
1751963298.529963,105.96216717232085,116.73030183056457,83.37355640700643,102.37891986063725
1751963298.5868795,104.9707726912416,114.78330376840552,79.37574490239507,101.38281218947748
1751963298.6439116,99.79434489341949,109.25233253521304,75.20871853290483,93.96357692207901
1751963298.7478783,98.4760223309677,109.05575513039834,76.80868950623329,94.00222079590912
1751963298.8238783,99.93544900337251,108.07189323321813,76.77300516808874,91.57327527708013
1751963298.9060655,101.99027044647477,108.38054173056109,79.19756046935763,93.95289485076
1751963298.9901323,103.558870280564,107.42711539315519,88.74433315078721,90.53991865647943
1751963299.0611734,106.85400269980191,107.58569940437052,99.2225609166635,89.13247465226306
1751963299.1211748,108.99012700612303,107.05574013935383,120.64072884767334,93.50171063536921
1751963299.1771796,107.27062444858194,107.4273603648615,101.21185975265833,96.0724078580781
1751963299.3154273,107.46292784672485,107.90287177892655,101.69974667197171,97.6036045067037
1751963299.3624275,107.38218284447962,107.98739163792686,98.64960215882166,97.30184260031308
1751963299.4014258,107.71482085518707,108.95071926931473,101.64976905838203,105.68910238534698
1751963299.5097764,106.03238881783923,108.59046359074961,105.67237756636321,131.91050891046189
1751963299.5577743,102.92765654617645,108.59605931416866,167.8852294043901,133.83853144521257
1751963299.5967746,103.3618800255722,108.97443408692803,138.51687556341827,125.86779780301161
1751963299.6390827,104.90077421902105,110.76663470413702,105.8125053668925,121.10064693963368
1751963299.6810765,101.56964391663261,112.06353091931409,150.08149392770872,122.26411656252361
1751963299.7650535,101.77129166701152,112.68635256064537,169.24390650093767,121.56702476854491
1751963299.8551009,103.62276243687576,112.98427287195399,159.56017054782203,120.53340644532538
1751963299.9316037,113.02742728560769,114.74503618785596,160.15904337050682,120.93817499111367
1751963299.977602,125.47560161043467,115.20708588284988,136.63461420484586,117.10617742663514
1751963300.0187583,136.90373480304925,116.1705693848048,141.85579225851268,114.15252271819126
1751963300.1619298,147.53054126543296,116.10939526612842,144.43997130080865,115.17379992032822
1751963300.298955,149.28094373537337,115.7829244120956,146.21518232075394,115.10529125384485
1751963300.3474834,179.97545641060927,115.24833612159763,174.7312543113844,112.18300360899771
1751963300.4724889,176.01742473738568,114.46070591480891,177.27796868619285,111.13824025280762
1751963300.5314837,176.05139212426272,114.3018930087801,178.83290179001781,113.07578979753433
1751963300.5854604,174.4873474388545,112.28170339116284,177.93553239428968,118.81103641778068
1751963300.6274574,174.11013635503895,110.56609083450358,178.56062313074807,119.25578167017017
1751963300.6774554,173.59562609385787,109.90953403827532,179.11519738620757,120.20479471545555
1751963300.8345072,175.49075930472148,108.31090426490704,179.60045132055274,123.6752303773286
1751963300.908701,178.70483473475159,107.93876230973322,176.48745029618135,123.70384966946551
1751963300.9507017,178.88399211598937,107.79984232401812,178.78482142237135,127.21932211934774
1751963300.9897025,177.9275581594569,107.8401869462253,179.53632598620624,128.04900260850368
1751963301.0357046,165.6060330348954,108.39769068449829,162.52129865882867,131.81390809353863
1751963301.0816596,161.21736858866183,108.71925439756923,155.3411834096783,129.62273790955734
1751963301.1256576,141.4215955577269,107.18055684753156,125.53618339552249,138.1888353262353
1751963301.2966692,131.47336518145943,105.34338148313437,121.42732132813363,145.70648366060777
1751963301.3688414,123.66315418276243,103.93095767049549,125.57929469449188,155.3961502424072
1751963301.4108396,116.23913685985262,97.68096125679092,113.76199506542562,176.2368176132508
1751963301.4855447,112.34094326229159,83.86720790465667,118.7524853120641,143.52126131843502
1751963301.5275428,111.20883674231497,90.72924106601387,115.29883990325168,95.13036998073544
1751963301.5685458,111.42180733728392,85.88249687647826,116.57259940351679,112.25804331670868
1751963301.6115425,109.99135070116279,87.87413064160675,110.67358497038819,62.3211416792425
1751963301.6673603,109.12939733361874,90.33252264124519,107.31681978263384,59.41221053531336
1751963301.7153592,107.11947537711424,75.9860286763911,94.33862851294191,104.88839342128443
1751963301.803428,106.62377330933155,91.90131164882018,89.80322535360989,76.40345511182171
1751963301.8867779,105.70198191441209,96.3382846366936,95.51587518438542,77.47100587641857
1751963301.9574242,105.02399334640651,104.8130258840626,86.88654421555222,32.10193350662324
1751963301.999423,107.73497098763663,93.52969823191819,95.7622681196217,46.16000100900837
1751963302.1565275,108.96193245281773,103.17875645941693,100.48473785801384,70.2428081788803
1751963302.2620757,110.05398139072496,104.03958127462437,106.30792641236306,76.16692210750287
1751963302.3170757,110.95458944546927,103.70298919003085,121.9641560015894,3.7823536865921255
1751963302.3600764,113.2807322486399,105.86315276381708,129.6242461926797,7.991564582846219
1751963302.4060743,121.03482191393032,106.27958756685968,130.7280747992573,1.486081738786547
1751963302.464075,128.32965864776213,108.2890425594418,133.86262719134197,112.02100067187766
1751963302.5150762,128.8250278135304,109.02187880508143,132.59730952038828,114.70294590878127
1751963302.561094,132.82760115434468,108.72202330349128,122.71062755489837,97.62310124249959
1751963302.6070943,132.64150371402718,108.65210083678915,122.08871272963292,113.53092188008704
1751963302.652097,132.49151592059638,111.30991277046716,121.72744615802608,108.42244937134446
1751963302.6960943,148.40547134892256,109.7576846248951,143.45553990457236,142.96156432961564
1751963302.7645352,157.6354756797676,107.3387220320095,156.2850507505547,153.387274716427
1751963302.8095355,159.56465359984503,106.54313005168055,159.0268590001914,157.16470789514742
1751963302.8565345,167.4335024118771,107.30223533144245,171.05834237851684,157.8472986252501
1751963302.900059,168.7147388970343,107.06624828100759,173.0768947015389,157.9260575059596
1751963302.9470594,167.57978423803573,106.87303918823449,172.27814856078123,153.76471368520743
1751963302.9990604,173.33224740248838,104.15828679957056,177.123309447504,155.92015662100323
1751963303.074336,175.99840359861935,102.23844968799497,176.00079388586656,157.03499100369388
1751963303.1223104,175.94885329574635,102.19941184743675,174.45353469987688,158.62565084624651
1751963303.164379,179.1099043059238,101.39137828458578,177.73040512200916,160.20804828309832
1751963303.2054317,178.66013969498684,100.42526848947642,176.7339806313214,162.326588162919
1751963303.246377,176.810789503781,100.63602877955321,173.08773937365805,154.14796510261823
1751963303.2873778,176.47077638421214,100.65607124393331,171.95643626387132,151.1227599366849
1751963303.329501,175.91250509804487,100.67768910222313,170.9217559122563,151.45864834751188
1751963303.370398,174.71202083001006,100.5052694054359,169.6146264792152,154.13308230937974
1751963303.4453788,173.97304950984554,100.48801570173198,170.39626748375267,149.58040162611155
1751963303.4852285,173.91409102344036,100.9316372231002,171.06916643880257,151.0822731058507
1751963303.667316,167.96320945318612,100.93629977445197,170.86058964441636,147.242810393857
1751963303.754326,158.06389154849342,100.36621074309214,154.67242992304574,153.27685492137775
1751963303.8723223,134.78182474524237,100.83400536115302,120.52189499613358,135.99399710845162
1751963303.9629958,119.62989941562938,101.87838947388968,115.15641837015983,103.56478874363687
1751963304.0589926,117.89744439264041,101.5076266146204,118.94585539939757,171.4324714668027
1751963304.1530974,109.53737617046629,100.20304239999498,111.4541789056965,102.2498010531282
1751963304.2459915,103.23661313113958,85.13856220200883,111.75982572259073,96.4967456614787
1751963304.3413663,103.10843077087995,76.78520899591626,107.2401647812623,96.85624575242015
1751963304.4473648,99.52186472516652,78.45112494073808,124.77144708901416,112.6957096510081
1751963304.579516,101.55070662672374,83.78251760057081,110.59008051570441,74.4622494750244
1751963304.6355212,104.27592216504115,78.17940254289755,109.92717245819857,87.28746076112863
1751963304.7027254,106.79859726741002,69.7127218277121,118.9431943177519,109.5303606864241
1751963304.7697663,106.45573792597486,86.03423349497862,113.08336198172135,99.28577049984415
1751963304.8308752,105.38952396064803,74.22139409302598,109.98182839861555,113.93425639240273
1751963304.9127347,106.13515406960425,81.38027243838103,111.83384584889441,108.50676421782117
1751963304.9829915,106.8771840534595,53.336350903013674,113.21351905106572,135.7406596806524
1751963305.052747,109.26967346874432,38.588238379866986,133.416857762682,152.36102227568102
1751963305.1167405,111.0791994316514,54.10400843014481,131.61185622195205,133.56328062452192
1751963305.157742,119.26655214602651,88.85088142679538,139.5455251353529,168.4643265805772
1751963305.214058,123.85803641209674,94.91249210242928,142.5277308329016,155.83093775777445
1751963305.2619202,136.24985249257213,99.85876538262855,131.8653865823519,130.69794609777549
1751963305.3119256,136.22151573627886,98.61020871312908,130.39236185629636,158.04606948463407
1751963305.3609297,147.52605261622682,97.70583203130049,143.0006278420215,155.84370129714847
1751963305.4089856,149.51266982910403,96.122750027084,145.78739985784208,172.46765190833275
1751963305.5020213,156.46545330755677,98.09576350200773,154.63623262734305,175.4756486064132
1751963305.561017,156.77589524877865,98.0159501606657,155.34171122801646,170.81454546514757
1751963305.6200182,173.14139576650152,98.54812977392665,176.50657716549546,115.63637052847973
1751963305.7000468,174.48449124699366,97.68097997882327,177.61793415475412,131.4326421619031
1751963305.7779589,179.002711760927,96.64079203577279,179.57010357127353,138.94848693817488
1751963305.8229322,179.74299528639548,96.76900479094222,179.0875376338255,176.11440587957472
1751963305.865039,177.26808488173035,95.08094664005799,178.32880303209174,137.9214863045601
1751963305.946937,178.2955758470383,86.37876075373525,179.48831719158062,118.02509171844184
1751963306.017983,179.15881945322042,85.88200596070182,178.78095930397595,117.77402102716059
1751963306.089145,179.1361110657285,90.86836979661898,178.0058094847144,155.45572311629098
1751963306.163189,179.74999476383195,90.64952356175756,175.41836549359292,155.29385343742288
1751963306.236144,179.40997607667114,91.89802662168935,176.49536233249773,148.42172752258043
1751963306.3062317,179.35959769811993,91.8870613323501,176.9040352604564,142.63499845765077
1751963306.376437,166.85142808217674,95.00365732608097,163.98305541905663,153.11438496813196
1751963306.4193344,154.80817426751736,97.13352427439445,146.2768445740056,155.06380295941432
1751963306.4710639,140.97885633284525,97.15551152747359,123.78929941009567,153.76544488943986
1751963306.5600667,131.50944351520724,98.06988112125556,111.22872135586302,149.46402449177285
1751963306.6381273,129.25398899659206,99.71253692571561,107.5442751924748,135.64452780594968
1751963306.7192988,121.02975212300812,100.165630956416,97.15212388327161,140.8701222590977
1751963306.7901225,114.21085247103817,100.15146191223657,91.72809655794616,76.0954034590574
1751963306.8351204,111.80370975667476,97.59453572498742,92.04340736785427,51.88325338405118
1751963306.9612627,108.3950198333978,67.70878508625866,90.76653319925633,110.61338620945655
1751963307.0588653,108.43106237823812,39.29595422166319,90.32269614563913,142.7240888086068
1751963307.147413,106.55374125441651,36.723898732973296,88.32081711787309,151.59246987063884
1751963307.2357295,108.66986099138293,58.84486993833467,89.45849783211179,4.543250997516459
1751963307.3296852,107.2247576989956,32.568522732525466,87.31749034911054,151.7291046171933
1751963307.4584045,108.88469355322762,33.08842298884853,90.16034851822208,150.72642718382266
1751963307.508408,109.67366477337816,33.9696596183764,91.33029529063907,150.19053126343036
1751963307.5613887,109.7060503973898,27.123885093732806,91.9278148113641,160.40213854943144
1751963307.6113894,112.16995304599432,26.21790726180186,93.46353509968966,163.60038200736906
1751963307.6623886,113.3932264176859,25.691933399584887,94.13144625581161,164.78396395856848
1751963307.7113867,114.11434310054345,25.574566273732945,94.4358908192597,165.49591512054067
1751963307.7603884,123.4087255486777,28.542690692525735,102.47862919204664,165.1767429785127
1751963307.811524,130.88770225474897,37.47748364570869,107.61360161260471,61.98633857974999
1751963307.8633888,133.0830928537155,61.571639096887026,108.2012744636194,63.96250610666409
1751963307.9144094,138.91980262392465,60.7607430652052,112.28305481583665,72.52820252906287
1751963307.9583864,149.41895377356875,32.08978085300973,124.8341350703366,167.7591567017705
1751963308.13755,156.88125976428003,24.06398110640232,132.50835891884714,172.73295411728506
1751963308.2778924,167.03129636011272,16.420698625865533,146.73168818130733,177.6338223931476
1751963308.3298857,177.7933679770444,17.565173873875274,162.72181789530234,178.3589270586054
1751963308.3701417,179.62689486377195,19.784604653229948,165.11870775564336,173.22613476445753
1751963308.4149313,179.13260089388072,19.276131993993996,165.87314253546822,170.34484809655524
1751963308.5064704,178.58834704389264,18.77533363472641,162.65792987901932,171.81937592668535
1751963308.5740132,175.10633441542612,20.08646762259264,158.6053442815844,172.7747021993206
1751963308.6170099,168.51712000882242,57.61226456357851,148.37619462140736,133.4159186087981
1751963308.6630106,166.56050328274736,76.47387684912646,145.39479196549763,108.19805621860532
1751963308.7050588,145.0415324564362,97.57392183253164,113.82398876434686,115.00368711760918
1751963308.8969507,130.87920484755176,95.40231417586257,97.93697494186665,122.71888174892321
1751963308.9532027,123.23831322832056,61.04212410814369,90.8518235503547,70.9084345746275
1751963308.9951684,117.2742541952736,48.948977123972355,82.75168340050038,66.77033956179712
1751963309.0371728,116.73674050096284,45.398153625970735,81.37998954178877,71.2326145558217
1751963309.0861719,117.18688986341363,38.3385885732357,81.70911169774021,162.51452803048196
1751963309.1341712,108.03001194826649,36.54437257604171,75.09139172601908,155.345111555183
1751963309.1791697,106.6279623047463,32.95418523087699,75.18980662830484,154.4785533328948
1751963309.2221692,105.49985657202802,90.36515057278825,75.91849160875294,49.0887710961746
1751963309.2671714,104.08010914998073,74.74862546169999,77.10654649221094,64.31077046773765
1751963309.311172,103.68522493183728,44.324110759802096,75.84277387506461,127.89545680036996
1751963309.3561702,104.3037123687298,32.62934454955991,78.03446916244575,145.95584997406743
1751963309.406171,103.36906172518681,26.67187783805877,79.65696606267424,149.72390565029585
1751963309.510239,104.20125943318111,25.635471487611273,82.25595742908637,153.26909892280167
1751963309.5803194,104.56857151179571,25.362673235565353,83.39255831323734,154.22117289161173
1751963309.6231463,104.41278874422322,25.684362202986012,85.22715387928713,154.6503769262382
1751963309.6746144,104.41702950203288,25.883463395805958,86.65669749489051,155.1052879787088
1751963309.78101,103.92715763612,26.29971968860021,86.9308339198351,154.5875599484311
1751963309.841098,103.90002302615233,26.591617275268664,87.03949063354449,154.0272182651686
1751963309.880011,105.05164239609476,27.75404685070825,90.19413293988744,155.37135949921947
1751963310.0081751,114.22352398152265,35.58406352988813,99.08932066685009,144.78147513899606
1751963310.1571636,121.9530639730752,93.66096642613837,104.13434083411114,99.46519306936928
1751963310.2115393,133.72984665385448,32.42761034460999,115.08109605564842,162.98082015631468
1751963310.2597697,135.84753389497692,30.3558022157325,116.77029924345395,166.94840644684578
1751963310.3229108,154.85878162172602,24.650539483890036,145.8254635087307,171.78750212001387
1751963310.3812265,162.1213424352536,22.869245242446386,157.75076432803507,168.77296679289617
1751963310.4231145,164.14005829962844,25.656179060363083,159.0152007299319,164.36657875625778
1751963310.4741173,169.39151728691087,25.43643019352177,166.87718001605433,165.0529995999093
1751963310.5291154,171.97227391400656,27.769550395740005,169.14106590063713,167.00045021706262
1751963310.6031156,173.03324906764013,27.844164811212487,168.62862770972902,166.60472444856512
1751963310.6493068,173.9714371475478,27.30402428194782,168.84864373295545,163.78689220638475
1751963310.7033148,174.4980494292938,27.952614597142055,169.52778325747784,167.9710566683068
1751963310.7453156,173.72339740294737,29.725891332475193,168.7426467281273,178.03951165327533
1751963310.7893143,174.54440424644037,27.565654108183278,169.47529540072455,163.82243731579808
1751963310.8323164,174.09855447712232,92.57023569042103,168.77904065046806,113.85517045160022
1751963310.9234066,173.87273325203017,97.65691398822248,169.5890766340151,125.38562300379579
1751963310.9884987,174.1612893533594,96.59911127249875,170.46352370509288,122.13538760637314
1751963311.0637167,174.08069109045098,52.38770422146026,170.39624806155936,147.60080747073897
1751963311.1328819,173.98745332507022,76.17708965047345,170.37863772343073,97.88852024642331
1751963311.1766195,173.58320928312648,96.40209526185302,170.43683867415874,124.3142653131681
1751963311.2266226,173.2237996447102,88.63155359969161,169.94652331490485,106.43212331437104
1751963311.2791538,161.4589558397623,104.62578678403707,152.99827129493787,122.33150158116159
1751963311.3581545,150.48017719672598,100.53060478249009,138.02933883761648,123.86720555953086
1751963311.400156,148.29815486041278,101.65846430284137,134.29362425771166,115.57774134260289
1751963311.4521573,147.55582790730796,99.2535524192896,132.68548210626741,117.48318381280257
1751963311.5051544,137.65437648515453,99.01518862760372,120.06647133162511,123.61839905130105
1751963311.5546916,135.1404634247698,98.99081538847103,117.85572548716054,125.41793639495857
1751963311.5996943,122.84362179483668,98.62580112447186,108.16858176573992,124.65928917713948
1751963311.6623855,114.99634484988255,91.97640457958381,105.75881554658092,139.97578482458496
1751963311.7173781,111.23580140974605,92.32201848756878,102.1272584443097,136.0923565347339
1751963311.7835956,110.69404181598358,77.40816203392575,102.95891166675449,117.26004274098212
1751963311.8455195,108.72143799674754,76.00769347420848,92.8063540229111,132.49894226554528
1751963311.890488,106.25556157626654,64.5180954559899,83.64745591955179,77.0754648018779
1751963311.9453728,104.37429695155782,65.89384633291584,83.22887611188253,71.25269972585873
1751963312.0025866,106.54069620750481,44.17656941834096,84.80364005745537,150.36756089668344
1751963312.058409,105.6717958721054,43.880840028136724,82.0919239030669,165.89945156539025
1751963312.1157703,105.2018514388385,60.56060502925398,81.38059734145658,169.15196150829755
1751963312.170513,104.15565174950954,70.89461414421284,77.24551330755061,130.5802502652273
1751963312.226945,105.36001773908606,49.00758003505327,80.56342605080617,151.4300906166153
1751963312.280507,104.21913295946443,68.8148355161558,74.80757250057874,144.68630875635867
1751963312.3460839,94.65878831705925,43.46599980540965,35.12069852012979,143.91653257753163
1751963312.402025,91.40975277624634,35.08545499863927,19.789723844548543,149.93449062384562
1751963312.458987,94.75233205031523,40.388290187160486,77.38675716131814,142.74886824548858
1751963312.515425,96.3024878620545,91.77633745346995,69.27610538651636,93.73986791680679
1751963312.571254,88.74039493027531,40.33046525681928,32.670018761809175,138.11174857643266
1751963312.6278155,60.96323975879372,29.903904038373724,129.63342266264092,147.33843367434557
1751963312.6827772,71.30493121893193,61.22276609535784,126.3305354834131,124.55948605863229
1751963312.7333004,74.19774587022033,40.217201657929664,115.4896246766126,141.64421435790922
1751963312.7806487,80.60539189218498,111.10037280123133,168.61660831047502,96.15038002074728
1751963312.878902,105.65444231253514,125.28130979878972,120.27180382465832,113.588564516454
1751963312.9309018,103.76680660467996,126.88176789867255,128.1113520288862,115.55254256815931
1751963312.9788997,103.05445101087925,126.35291871807799,132.62788130142624,114.46080971392162
1751963313.024213,118.76837021156808,150.24421635867938,135.3814011772155,142.60865749958515
1751963313.074337,120.1431541651719,162.99785237346035,137.61189559950884,157.64880189798052
1751963313.1250799,115.41784347883349,166.28784981252397,176.45417364710005,160.27521030486432
1751963313.1680825,115.02416737785023,170.74355372201188,146.50719462135254,166.35738918877215
1751963313.2170782,113.66617559891034,171.4118972746789,149.19057268784292,168.45442019317773
1751963313.261081,113.26186746129193,171.4584762257103,175.91617499483212,168.64517517477887
1751963313.3002338,123.15153692850136,174.41835937186022,150.5615078816006,168.84279450881766
1751963313.404207,127.111719926343,174.8765022383561,152.27761063952605,168.0576015284972
1751963313.483082,121.44414262245787,174.0579465762157,139.81126617415055,166.43225470197132
1751963313.5460806,115.71188899081135,172.86095544585535,176.39290546461928,165.6703230250412
1751963313.5880783,111.58569288513402,172.5168063859072,169.03014446976425,164.9455470627478
1751963313.6301563,111.7593196126683,169.4053800252703,176.3821730453616,160.7231940532492
1751963313.7082257,110.26854640257648,167.67426748030516,175.63953690350317,158.58927056160073
1751963313.7592237,105.5799055416738,159.14521138899028,173.7690586029034,143.83404770025192
1751963313.8002205,104.60095249060612,148.94504214987487,164.42584943808674,128.63676397059606
1751963313.8782246,107.53175863859543,137.76370712576485,171.81299145300986,115.76151951888174
1751963313.933223,114.98015319998242,135.31340889177946,151.4105138337668,112.34120764688281
1751963314.000224,116.0638659579891,125.42011717273208,123.63061043375853,103.39024636198674
1751963314.0893736,110.96772125306956,116.36626641818887,132.00009811219786,98.95587906224934
1751963314.1499386,100.77014818118107,105.92255304843574,152.4226554976299,94.25992181736815
1751963314.2237728,101.06859834810903,106.1207481474641,171.69696429247628,96.25533386933142
1751963314.2711496,98.96842933361118,105.88771658373427,168.5861524335717,94.7273846119544
1751963314.3141727,106.11765117113966,106.78878989203531,118.33869149693435,95.09778491291664
1751963314.3873923,107.46662862799657,107.03490392035131,114.32125327739367,92.94819008035269
1751963314.4595985,106.06497590168264,108.26992901720318,145.06433145686714,95.15205882801165
1751963314.538702,105.54808771128054,108.90269337940745,171.05423627723619,97.35126670747549
1751963314.6045954,110.49048015690826,109.24278367525284,121.61449319891682,96.30163290898234
1751963314.6775994,111.82649426114709,109.71390968664026,117.18548926000025,97.55376502909486
1751963314.7440143,105.5460794316938,109.90944708558506,143.95538662063353,98.40286414878186
1751963314.7930164,110.77853693475943,109.80796049089648,129.9035866147711,98.05834889019215
1751963314.8502095,116.41176458300001,117.28917054927496,106.58028216848477,107.26338322425482
1751963314.912048,116.32658052079579,119.03462419253408,103.49541165052973,110.0336615645296
1751963314.9510477,115.56547281838122,129.04390749877322,105.2094706007779,120.38547731568919
1751963315.0051093,115.14433299340111,131.56428944952344,106.95228763743714,122.76719464080658
1751963315.0721414,108.58869923999457,146.47412317064055,160.28259505177755,136.80233475874962
1751963315.1151545,115.58916500129357,156.05913710549356,115.97093780551957,152.61951909753412
1751963315.187211,119.60138788722489,155.85156296939,118.18735129583388,153.30165027262177
1751963315.2577293,124.93262547014213,160.9019131599095,125.1829208710546,156.44228083463875
1751963315.3257308,121.33658902528114,164.5480186314518,116.56335614744204,157.44400955810607
1751963315.393728,119.03652974480124,167.41891875476,118.7263737236153,156.03672806091373
1751963315.4448178,116.82296387843056,167.56287942869898,118.27773087125685,155.50130428360666
1751963315.5320127,114.93863598377635,170.37294334653367,118.22534115209858,156.51926038858258
1751963315.6073158,112.25679012402914,171.22819914969034,115.82170749115203,155.82771322446527
1751963315.6783104,111.28184136079153,170.25432879865977,111.73581780457445,155.73170442800085
1751963315.7465472,110.08915543334827,169.07995829317784,112.70959339399175,155.0014529007036
1751963315.7905781,109.65976848330519,168.69029340985063,111.9172329624801,153.8558985971045
1751963315.943173,109.43603793613708,168.86803481104937,110.79793751610755,153.5672964266354
1751963316.022743,108.65481659863889,159.49377785954087,123.08387742643006,137.8075212382153
1751963316.1067467,108.65675950499939,141.1615305948763,134.56771553053997,113.12262700856026
1751963316.1757522,110.0016066119933,137.16337770277778,137.01538479088134,108.99848942307194
1751963316.2979448,109.68839376845807,123.16345542633272,156.70780476306984,99.62093741207417
1751963316.3709455,110.16036593754349,111.47185381255922,156.274594045156,92.50850682525147
1751963316.433975,106.53529927536582,113.3098801619477,167.66167514446167,94.88899677974459
1751963316.487979,106.51324372704501,111.26445304912764,168.43180325780517,94.47571612440989
1751963316.5542047,106.7751356770969,109.90426371458096,167.78647255686874,94.01227465047351
1751963316.6192484,108.43884031451447,111.11128350136369,150.8223514559342,94.5654232717711
1751963316.6752508,110.45481963134856,110.33335020842159,134.26724262780698,94.0398752147597
1751963316.7395546,112.02440163822605,111.27420118139769,172.1388873841937,99.00480661199681
1751963316.8012762,106.61361131354504,112.59210952573757,165.9305956178449,103.38190995135477
1751963316.8643212,106.74098759017504,112.87915490550678,106.07342137686568,103.5255020651316
1751963316.9098334,104.86053300668983,112.20193973692712,138.7846939813821,102.46262769809569
1751963316.9518316,104.42686417439361,111.78774548692121,154.42300558315623,101.62593052062785
1751963317.0353918,104.84837966777157,112.28094917448793,150.00246519746537,104.15364703628167
1751963317.0943818,105.10353654539438,112.59065071355143,155.31494829023478,104.67354494705347
1751963317.1423829,105.33643448018215,126.09452734092463,154.50929551663168,117.10684017936794
1751963317.2413838,106.52079450160254,138.74205995708604,157.3628585328593,124.30464511701986
1751963317.288382,106.95032638182755,139.3381623368741,170.4384079847918,124.23287179319159
1751963317.3279388,118.44922704175346,139.25147946557047,136.39247093671455,124.73750278077144
1751963317.3659198,120.92206862655071,159.18667758200203,130.81646235861666,157.1047337145199
1751963317.530188,118.77817565758767,170.39820200990565,124.32617760308916,166.16457559886987
1751963317.6111777,118.70621462216009,176.93784777524377,124.00282780412257,171.4441890715899
1751963317.6681788,116.80818009474577,176.48219425031377,119.14602953818648,170.5896215197728
1751963317.7201784,115.14031672767436,178.02707728892827,118.46250130921145,171.21191435986754
1751963317.763179,115.22290181653256,179.61680068511387,120.55918846970447,172.64413435675186
1751963317.8087282,113.89720769169837,178.751476992299,117.9617226758566,168.37432894625874
1751963317.8807342,113.13070000948683,178.73144882051218,117.4544246844724,165.78039688483724
1751963317.9460454,112.63265884014324,178.4805527361731,117.08959633441044,164.26528038900616
1751963317.9870453,111.93666612806473,178.41258144964542,117.209291742908,163.9680842889335
1751963318.073058,111.54352232555185,179.1229879282162,116.12565817327702,164.71152692418337
1751963318.1554296,111.84402478845259,179.89198150336938,115.30423878936934,163.23076115063125
1751963318.2470567,110.84805876677189,177.096022083209,116.69998447698029,158.8897554259555
1751963318.3120737,111.65346489910338,176.09879782173343,113.71865370420353,157.2140717669676
1751963318.353297,110.66218635705106,156.06458080527577,109.55429034853994,126.12684690426696
1751963318.4300463,114.88373785125833,151.68772482868556,120.67063357145412,121.50071743520968
1751963318.4750893,114.77884420075458,143.19689493158057,123.48764770187314,113.49460721830533
1751963318.5151868,118.46809152732698,141.19189131401367,128.66068194124728,111.98787035164467
1751963318.5591855,116.55482142937488,132.68483470954442,145.58985421081792,106.5506418249975
1751963318.6091838,116.70017363547588,129.8121719771884,132.2639535206635,105.12668254117867
1751963318.6941864,113.23795548137497,116.45240342993155,122.85345346340698,95.37525617803549
1751963318.7918007,112.68245077765944,110.76516905554908,129.78491138500786,91.40494845595892
1751963318.9015837,109.14115932259278,108.46592712828452,174.3626568316067,91.07729919750506
1751963318.9807045,109.35472949892889,107.70131469953071,166.66808842678472,94.11693617830947
1751963319.067047,100.96629732433,107.53233278486448,135.44586287837353,93.31635478896315
1751963319.1404438,104.33241789078866,107.96008390478626,141.85619964759,93.2464453669387
1751963319.1964421,106.96476028282953,108.5852103227957,108.66120325654991,92.407755173727
1751963319.2395093,107.8169417451801,108.58212973419916,112.6783331121669,92.72607091886924
1751963319.2804446,108.98729769349264,109.85673777790379,156.0621293679407,93.85290386745802
1751963319.320073,110.21428814135459,110.09670039187932,162.45492907621374,93.73948601553582
1751963319.3620417,109.27373628027051,110.67861033852171,170.9404950838187,80.87792680530569
1751963319.4023237,110.63943637731538,111.00598457398901,89.41858557312214,86.35101737200748
1751963319.4753516,114.5929832383147,113.88882812405944,99.49016161698513,97.27748227490473
1751963319.519202,115.39461332538838,115.2253809958023,102.79476520029567,101.78709569935013
1751963319.571191,119.04725762154645,120.72541028904725,108.57054382805929,111.5308159192776
1751963319.6169658,119.05293147738792,122.61255675259808,108.73221809220637,114.86265004432981
1751963319.6609645,118.42577085332127,123.21902860412658,109.04432912061101,115.9866508751982
1751963319.7301004,118.28983458293092,138.3983880287778,110.4875800646007,130.42769624261544
1751963319.7960947,120.32677292327577,149.56522173836763,119.95973105965469,146.7106842403892
1751963319.837629,118.56504535605714,150.2418728510333,117.04574402037358,148.75189089938172
1751963319.8796275,120.60234601665958,159.33649211310987,123.32963059613662,161.84444870489074
1751963319.9481394,116.00468452505775,171.38851390068288,125.44567915360676,170.56104748271525
1751963320.0079002,113.7417506582168,176.44439545357272,121.74594546795743,170.81416697468603
1751963320.053906,112.32386461903752,176.9030900070766,123.18432696763921,170.88479643145553
1751963320.0959013,111.14384661751167,178.30133327924514,113.015887656416,169.31908777183833
1751963320.1389184,110.64756390185299,178.70873062736538,110.43743879068509,170.4725271610228
1751963320.1819158,109.73103502748434,179.20865562204034,105.0665590035083,170.8618487685342
1751963320.222972,109.36452049838492,178.9984293140581,101.69023504452147,170.43342441530643
1751963320.2650137,109.51397207622101,178.6339845827566,100.59672210442173,171.3193217638189
1751963320.3189495,110.13864538962649,179.26707616102763,101.92200675241038,169.34213998666556
1751963320.4858017,110.88592123034908,178.76309257131868,103.33594183255639,170.68229515097505
1751963320.6312964,112.00764396465945,179.82677914607234,104.86160996788266,169.68987348599978
1751963320.734432,112.41338322566673,178.94704313743242,103.93503980097566,168.38871735953646
1751963320.790696,112.76259220859606,179.9300513960524,105.04754505556164,168.89567186349342
1751963320.8540678,113.10733857370099,179.18759508797712,105.85443400280387,169.25964885875908
1751963320.9355702,112.80357224552048,174.15400476358695,108.21959564200455,155.63394757677102
1751963321.0054355,112.65211933270442,159.67490687475345,101.05682650762283,129.02954687502836
1751963321.075818,40.698921324142454,144.653542218912,149.25527873008633,107.11013893581635
1751963321.1388452,37.97351756682875,120.76601786093129,152.953341438708,82.61085943587823
1751963321.2072425,48.355260310494444,99.13125640465576,157.59318580233546,66.91160892995897
1751963321.2763824,55.485830127063956,86.51977165976452,164.8916125882483,59.37659206713817
1751963321.3459358,95.65228151823185,84.36958357622517,35.37838855377438,54.41559961440928
1751963321.4136758,45.621083505247356,45.01768123095095,121.5470206519932,33.873965569518994
1751963321.4818506,36.58695071551809,42.51655395544375,135.5500062144436,35.407038231423925
1751963321.538926,29.545275091836533,30.792288562861643,69.5168691581281,46.36252468750889
1751963321.6015131,23.61344157387956,29.452310839166763,34.24776915007891,106.23534057130932
1751963321.7356317,24.855691845855965,23.39583548393126,34.74410920246898,143.20966664071042
1751963321.8214252,22.26469906506229,23.78383209856831,143.63918767029844,151.3131096345791
1751963322.1146605,32.16113184765692,24.3496885750997,90.23316282024365,148.0763868206483
1751963322.2015295,34.346099515637306,22.344498887371454,95.41163912840013,146.13999920586656
1751963322.2558894,35.04503990883229,23.824183978951126,125.53170037839477,147.24987530820397
1751963322.3172724,30.657485790456608,20.854029155614956,139.79208962005058,150.79890854755445
1751963322.355892,33.30244071842911,26.022323910444868,120.53734598918469,149.3294273934809
1751963322.4991357,42.41800163763008,29.553532736659864,31.84946898303907,91.200260053021
1751963322.6237612,37.00448566897056,24.06267730370518,115.57810966979913,143.25829306322885
1751963322.70946,32.1070985150305,20.452395148713595,141.38763966225406,147.31394635726278
1751963322.7956808,29.75313819078117,19.41880800847722,84.47273720610305,145.35449355009433
1751963322.8797524,31.120240176637484,29.659427170849384,64.99932650256206,146.6281335157812
1751963322.9353218,30.46082354831392,24.00996845551345,133.1034540020378,150.73574544228666
1751963322.999438,29.181458498308697,21.726271885129375,139.51385990660054,144.8111724599766
1751963323.1217232,30.826277964559104,26.737829737307273,141.83214190513021,138.72635356621888
1751963323.2107542,28.29647974294888,23.803985278408852,137.78048029798637,146.58532065653023
1751963323.2895436,26.47025831349796,20.151695441444744,135.089333932652,145.06041784413648
1751963323.3550475,23.25314688782095,17.30550986315005,123.01220584036132,148.19438798337504
1751963323.3929589,23.449145872316706,20.24492617429304,146.01437803323805,139.15192962605997
1751963323.4976728,27.450822796669854,21.14378316051801,138.1870941231203,139.30229256139012
1751963323.583681,26.85754652683211,21.66404741197364,139.34076160393047,136.85209752113383
1751963323.6647124,30.52712757188523,23.75236662183308,134.47890112730997,134.29984753974855
1751963324.0104628,33.94736628764077,22.2554119085483,66.62405716719655,136.5101881219844
1751963324.065665,32.93033863978879,22.6053443953255,117.05338605784446,139.59514981555122
1751963324.1170695,29.861510121044784,22.763761770866502,127.44170779409897,140.02536134283446
1751963324.1991887,28.4184803776701,22.959921022695955,137.98625030881877,142.0270686208239
1751963324.270404,27.25470447931502,22.396524076326568,144.13838157271715,144.03001785076054
1751963324.3290741,27.494075553534692,22.842703485871617,146.16624341842802,148.81628041775684
1751963324.3765266,29.034447303523052,23.664235445831814,146.20440556570776,151.0125171087641
1751963324.4213586,28.149673189017154,22.573972763825033,120.56186583098194,149.71807790783186
1751963324.47269,28.165949713295944,23.15651972855004,127.63596136590876,147.97669223216243
1751963324.5259852,25.599073800739813,23.456074158892424,146.10475450940098,149.06592172080084
1751963324.6545928,25.30436689780924,23.519118519807094,146.44392860027585,147.78141806124952
1751963324.7416825,25.44937070770785,23.759930505600344,145.03186904832722,145.44834079646571
1751963324.8290548,25.324993047333137,24.102127006042604,145.73762400795863,147.91574683312965
1751963324.9135814,24.91619929377091,23.676800069997636,147.90417515879503,148.7254537124596
1751963324.963849,25.355063706787327,24.246135113446304,146.3363061043233,147.885560755016
1751963325.022483,25.889780017102023,24.81547436987957,146.80583898686305,147.2971330582495
1751963325.063836,26.736792319777354,24.406380795139366,101.7656821293208,138.22655055201147
1751963325.16075,30.071543072735196,23.67067360636993,31.35920695840268,77.757415211016
1751963325.229692,31.16887186419297,24.44679484942202,62.499874664003144,96.22336466873321
1751963325.2934735,31.987381657578123,24.442971864673655,41.12181655254252,115.04588349219233
1751963325.338495,31.786712986682808,22.085057668749986,37.26473532955061,120.27507196654194
1751963325.3881845,31.286268948772097,24.20458827167122,125.45559697474266,134.8474804713224
1751963325.4476542,30.82232739818853,25.33873171428271,134.09040504040476,136.82567145217894
1751963325.5127838,34.27178600428228,26.53630972658256,40.670434479354526,44.48893282789631
1751963325.631283,33.45820423314681,25.781981775756346,55.300021103447406,44.94086130433318
1751963325.7128365,31.623105194935267,26.463712855441067,40.540905758227915,37.591961670667516
1751963325.7649403,29.79654225548166,28.41570742527435,22.556038146931474,24.968516805518117
1751963325.8074157,31.782620361306048,27.056061387231747,38.64783486947871,40.53394032537643
1751963325.969241,34.62449087067,30.09347964413019,46.733325136224565,55.962304490708675
1751963326.0160098,37.84176782420926,31.27744209648567,47.96688102056252,62.300945380548015
1751963326.092039,38.75120040133942,30.54810147244235,79.20740506814275,100.29815239241405
1751963326.1625557,38.76631411293317,29.608402520140167,89.27275952479891,107.50820796118825
1751963326.2327507,37.59593379817605,28.882675521336196,45.83485173359582,42.835788913623354
1751963326.3027358,39.2451657204695,27.469909331407877,53.241783567255084,54.74710406776929
1751963326.3588393,39.10576802104427,26.855068088502616,70.97082316499602,63.90411024022765
1751963326.435065,34.89877844926261,25.97445053037306,22.54112778126789,27.119951012229627
1751963326.5179865,31.270711166163085,28.63395774846827,24.4164855410435,21.35278183117155
1751963326.5578563,29.267523910140454,30.20108115509729,31.444451201719986,20.432692698301366
1751963326.6055107,28.07086796739983,31.151179040399985,35.01365011877645,22.705894292476184
1751963326.6583838,27.020461086367767,32.7614134327589,31.43651759245756,18.09206905436163
1751963326.7924628,26.122056215836814,30.783088118047186,34.17997519071448,19.064740029948794
1751963326.840826,31.094573384992152,25.768315786634325,34.92329477922874,120.37963802703644
1751963326.9082618,30.610246779465466,23.767309869119746,32.7581411031063,104.91210831142702
1751963326.9777007,31.620207904941083,26.438842212543165,21.391641817336723,22.21771413438914
1751963327.046958,31.51437875590319,27.638535206714305,16.39730521894759,17.135577961829124
1751963327.1166918,31.591342324362603,31.15220444134151,16.742841233631687,13.169923465642166
1751963327.1749754,32.21623171616506,34.74067842935966,16.37272874073501,7.009516247051497
1751963327.2137737,30.729404545110892,33.02743137815283,16.303552923153426,13.504608669013955
1751963327.2944002,30.128159278891633,32.57649673580542,14.533960862479539,14.762539336872077
1751963327.3605473,31.794546757610537,31.73326042784781,14.479106625139996,12.898904128934593
